frY;frI;frC;frS;frEx;FrImp;frH;frP;frR;grY;grI;grC;grS;grEx;grImp;grH;grP;grR
0.821438914;0.204887079;0.70623034;0.530525377;0.149322045;0.182518109;2.897784197;0.014352669;0.093669;0.881317363;0.302265388;0.607487048;0.607487048;0.337817106;0.313086371;2.965243902;0.012172688;0.0876
0.823439535;0.200121942;0.706465825;0.53262196;0.094631101;0.114589561;2.896480292;0.014062381;0.098938;0.884419377;0.313686989;0.621626022;0.621626022;0.2526518;0.256857038;2.960335138;0.014096789;0.0879
0.824310985;0.197616025;0.706685724;0.532099622;0.097582887;0.119255628;2.895515602;0.013690645;0.092063;0.877826687;0.294996184;0.61629422;0.61629422;0.26652212;0.255434067;2.955925659;0.019172466;0.0907
0.824612486;0.185555912;0.708840497;0.533876049;0.121200195;0.13628774;2.89427999;0.01285841;0.100726;0.884577206;0.29962306;0.613721244;0.613721244;0.29495819;0.265886433;2.957167912;0.023270462;0.0923
0.828503792;0.19001954;0.710353597;0.536230297;0.134073292;0.138115589;2.892719721;0.011912302;0.099315;0.888731283;0.309316713;0.620219327;0.620219327;0.290897579;0.267929739;2.956862039;0.024940465;0.0962
0.8254557;0.169854401;0.710850707;0.534069405;0.137025434;0.132996895;2.891675432;0.011715863;0.099417;0.886735131;0.306426496;0.623210646;0.623210646;0.26635279;0.250825398;2.956351522;0.025691028;0.0965
0.826163278;0.158075189;0.716065597;0.537287033;0.159382023;0.160401067;2.890010836;0.009170592;0.135292;0.886170835;0.278417925;0.633210602;0.633210602;0.31738453;0.284926588;2.949805825;0.021013507;0.0932
0.824035028;0.139508195;0.718725356;0.537518565;0.124004809;0.124701734;2.8871013;0.007827174;0.100484;0.886869058;0.288963685;0.627839555;0.627839555;0.271575046;0.251718786;2.943854418;0.014253423;0.0891
0.822097934;0.126098322;0.715183074;0.535470242;0.102108373;0.102700369;2.883971594;0.009195833;0.110141;0.876103811;0.249369279;0.613901215;0.613901215;0.225331457;0.18050242;2.940223573;0.019805863;0.0834
0.81969382;0.10392186;0.717077861;0.533004331;0.114542351;0.108718571;2.881848697;0.008708505;0.076813;0.877829405;0.266605276;0.615940057;0.615940057;0.215514311;0.175208276;2.937092892;0.018647062;0.0782
0.819357284;0.096385466;0.717313332;0.532207995;0.094449141;0.081867679;2.881022703;0.009259248;0.073229;0.877000785;0.267811709;0.614925432;0.614925432;0.200334958;0.163722402;2.935135768;0.019296661;0.0699
0.819491634;0.091080632;0.718259208;0.531861991;0.100162373;0.086432297;2.88106119;0.009016265;0.06631;0.879206632;0.253804171;0.617203435;0.617203435;0.214557444;0.165375753;2.931957837;0.018304847;0.0619
0.821062593;0.11388795;0.716970736;0.531529875;0.10714704;0.100503296;2.881320771;0.007313602;0.062964;0.881719749;0.261195001;0.615727913;0.615727913;0.207913745;0.162029875;2.934545273;0.012719266;0.0599
0.823805873;0.123291362;0.717797494;0.530563682;0.13060734;0.1212301;2.882458701;0.007305544;0.054354;0.882217429;0.266787647;0.611195001;0.611195001;0.244210104;0.188261859;2.933298176;0.01187888;0.0514
0.827394522;0.133001752;0.720336299;0.533813888;0.174166048;0.166210748;2.882524907;0.006998065;0.053125;0.883764231;0.276799564;0.612758961;0.612758961;0.268188187;0.221662147;2.934612557;0.011070127;0.0481
0.83073048;0.139357347;0.721039028;0.537532245;0.192817651;0.183649878;2.882137677;0.006909287;0.053226;0.891016838;0.294866734;0.618789512;0.618789512;0.284122459;0.242576901;2.936575049;0.010514332;0.049
0.830809341;0.135413643;0.720345074;0.537789183;0.213825965;0.195364569;2.880630425;0.00757998;0.074435;0.886954066;0.280051273;0.618659403;0.618659403;0.313947626;0.263903453;2.935359582;0.008939795;0.0479
0.832331905;0.132649238;0.723895275;0.539574538;0.247194219;0.220993488;2.879550607;0.007030589;0.073708;0.891480691;0.286988421;0.621925086;0.621925086;0.341819699;0.288964566;2.934493944;0.007442637;0.0455
0.832892902;0.146756218;0.723907195;0.541096406;0.227633985;0.215689339;2.878579794;0.007790766;0.056188;0.892630212;0.280510342;0.623531841;0.623531841;0.329333739;0.277633951;2.936029897;0.006688538;0.042
0.832053492;0.138013926;0.723761598;0.540571699;0.232474577;0.21439642;2.878875112;0.008523035;0.050081;0.893614434;0.271754233;0.627027224;0.627027224;0.338435686;0.283299626;2.933848092;0.006332254;0.0408
0.833586636;0.122107436;0.728394183;0.540830322;0.237911482;0.222899321;2.879042924;0.009065099;0.040444;0.886391852;0.251338617;0.620507887;0.620507887;0.327700199;0.277096668;2.928924483;0.006274746;0.0338
0.831762824;0.126635014;0.726382453;0.540333214;0.215822783;0.205029482;2.879208199;0.010129999;0.037438;0.889932077;0.26697617;0.618003979;0.618003979;0.30893873;0.255655144;2.931903442;0.006254092;0.0334
0.834324222;0.11141323;0.731595879;0.543323657;0.220020662;0.204396573;2.879486479;0.007861007;0.034771;0.890988507;0.256623806;0.619851473;0.619851473;0.328318947;0.264841875;2.931319868;0.005879769;0.0309
0.834237989;0.113125021;0.729129668;0.542636824;0.227250265;0.20932358;2.879761193;0.007064626;0.032863;0.895428698;0.271821609;0.620507853;0.620507853;0.336439843;0.272424486;2.9292119;0.0065952;0.0311
0.834800588;0.102858518;0.728759666;0.543960834;0.202885565;0.179950309;2.880319342;0.006270354;0.031875;0.88747064;0.253560017;0.61483467;0.61483467;0.30707301;0.254172518;2.925403009;0.007586893;0.0315
0.839338303;0.110977214;0.728848651;0.545473707;0.209401571;0.181806797;2.88075224;0.003990483;0.031896;0.890863176;0.25958422;0.613712179;0.613712179;0.302108981;0.241278654;2.928635454;0.006689711;0.0307
0.843528846;0.126410449;0.732147264;0.547389026;0.198959053;0.174113457;2.881129413;0.005529146;0.031875;0.8904909;0.258484366;0.609815747;0.609815747;0.300907818;0.236485702;2.929022922;0.009972154;0.031
0.847761076;0.131994936;0.735789181;0.548613621;0.224412027;0.198371186;2.881635059;0.005005901;0.03375;0.895375148;0.270836191;0.613951634;0.613951634;0.319710985;0.253408628;2.928117429;0.009102837;0.0344
0.852579198;0.152748718;0.737637106;0.552363465;0.216642378;0.194183961;2.88242299;0.003240741;0.03375;0.897590443;0.280801303;0.61372779;0.61372779;0.314994066;0.25711954;2.927918662;0.005388554;0.0345
0.853991847;0.160590933;0.738567439;0.55394332;0.223199372;0.199994722;2.883599814;0.004268194;0.033771;0.896682694;0.278038336;0.617056336;0.617056336;0.325993447;0.26121947;2.929930864;0.005899416;0.0347
0.856722911;0.156401247;0.743028939;0.560294427;0.225814343;0.212342396;2.885613522;0.002636597;0.03375;0.898473638;0.278203949;0.619309806;0.619309806;0.324375011;0.263637689;2.932510957;0.002586634;0.0348
0.859651041;0.169183981;0.744470328;0.563822801;0.252960134;0.240398737;2.886334089;0.001131386;0.030927;0.901363111;0.278367534;0.62461091;0.62461091;0.342827581;0.279334693;2.932642635;0.001901392;0.0314
0.862132295;0.183268363;0.744916686;0.567937872;0.234631085;0.219328446;2.887814783;0.001111913;0.029252;0.906776169;0.285867168;0.624311174;0.624311174;0.321566832;0.267278795;2.932600042;0.000862894;0.029252
0.862191951;0.183685497;0.745711255;0.569237684;0.213033399;0.20185589;2.891103903;0.00165881;0.025632;0.904861076;0.27015921;0.628017575;0.628017575;0.311583935;0.257618653;2.932694765;0.002234649;0.025632
0.868162363;0.170442886;0.753949794;0.574803303;0.232805313;0.210927148;2.892995369;0.002252531;0.024336;0.907633267;0.286773049;0.628760276;0.628760276;0.316990859;0.262936478;2.933418078;0.002913014;0.024336
0.871976491;0.187925486;0.756201678;0.578716649;0.242140486;0.239262011;2.894262934;0.004276256;0.030418;0.909460071;0.283966347;0.632364253;0.632364253;0.33193224;0.26610019;2.934412371;0.00411982;0.030418
0.876401695;0.207833915;0.760386954;0.581359856;0.23045009;0.238135688;2.894081285;0.006302355;0.035104;0.912387795;0.285721156;0.636342094;0.636342094;0.326578783;0.280272607;2.936819173;0.006672373;0.035104
0.878683032;0.20868805;0.762402948;0.583762661;0.228715004;0.234010622;2.894881733;0.006137507;0.042945;0.914690731;0.29115943;0.639135937;0.639135937;0.322167078;0.273173218;2.93722635;0.004774389;0.042945
0.882534;0.232402448;0.764871906;0.587437565;0.22086276;0.240514838;2.896918606;0.008190864;0.045905;0.912659255;0.298987897;0.639975612;0.639975612;0.314776566;0.275755725;2.936962669;0.005936553;0.045905
0.884296559;0.236206625;0.765798817;0.591257247;0.227192759;0.251646977;2.898295051;0.008230303;0.048268;0.910614056;0.292291811;0.640847908;0.640847908;0.329588822;0.288133277;2.936623522;0.007452974;0.048268
0.888026126;0.227037681;0.769512044;0.593129889;0.24357168;0.256260563;2.895836018;0.005636384;0.047814;0.919453756;0.289920417;0.638853235;0.638853235;0.347627727;0.288349378;2.935503672;0.007406752;0.047814
0.884214551;0.217866213;0.768458559;0.592114954;0.210251187;0.220723551;2.893133264;0.00881564;0.045395;0.915124019;0.287254012;0.635411974;0.635411974;0.323918223;0.26225465;2.934519502;0.010885143;0.045395
0.886960936;0.220677444;0.770410333;0.59478266;0.207112168;0.209127592;2.890743648;0.007648782;0.039865;0.916182234;0.274506781;0.634780878;0.634780878;0.329201122;0.254442682;2.93319025;0.008672835;0.039865
0.886870333;0.212540801;0.77227308;0.598133328;0.189923299;0.187746985;2.889181114;0.00605865;0.033389;0.919111749;0.247136834;0.638732609;0.638732609;0.328789255;0.246982962;2.932053034;0.007162066;0.033389
0.888093609;0.216036784;0.77255406;0.598834204;0.181675876;0.186868732;2.885608601;0.009246153;0.03264;0.913691218;0.222195447;0.632802436;0.632802436;0.315089057;0.216135309;2.931063101;0.008593626;0.03264
0.887664504;0.200777721;0.773128329;0.600122934;0.203289955;0.198896879;2.882680751;0.006999356;0.033485;0.913893362;0.227637572;0.631813553;0.631813553;0.342485094;0.250389379;2.93008786;0.005586915;0.033485
0.889900024;0.206748346;0.775906906;0.601637491;0.22948741;0.219109618;2.881677311;0.007638542;0.033186;0.918977706;0.22322964;0.634149196;0.634149196;0.378606092;0.275470854;2.928185759;0.005252303;0.033186
0.889776913;0.201639083;0.77769175;0.602083311;0.23067164;0.229244434;2.881571464;0.009219172;0.030945;0.919997344;0.212762596;0.635170659;0.635170659;0.393527123;0.294610792;2.925658597;0.005091051;0.030945
0.88739595;0.202936191;0.777629479;0.599817408;0.26061336;0.275378357;2.881953497;0.010156851;0.02749;0.912157581;0.216439912;0.630253118;0.630253118;0.413760733;0.331512859;2.923846928;0.004881593;0.02749
0.885918509;0.199158414;0.777302395;0.600705797;0.26535856;0.274255373;2.881477017;0.008228966;0.022133;0.91360871;0.212026604;0.630380974;0.630380974;0.433697266;0.346545539;2.922199991;0.003415177;0.022133
0.891148254;0.213423845;0.77991908;0.602771341;0.263614805;0.265515418;2.881073077;0.008311696;0.020209;0.918027493;0.199275624;0.632607447;0.632607447;0.440870023;0.330619974;2.922701355;0.004544229;0.020209
0.890992489;0.204693231;0.780428217;0.601824826;0.301535369;0.300969541;2.880565538;0.009384756;0.020567;0.918940307;0.204667276;0.631985083;0.631985083;0.472365592;0.375388451;2.920704604;0.005032061;0.020567
0.893957918;0.215669389;0.782061287;0.603837737;0.314896148;0.319969827;2.879892096;0.00774815;0.020057;0.916973155;0.187992298;0.630152137;0.630152137;0.507413275;0.397356925;2.922749209;0.004186779;0.020057
0.892132065;0.21587135;0.781669405;0.602180444;0.306549567;0.318948418;2.879766359;0.01026027;0.020277;0.918541263;0.186444214;0.626512496;0.626512496;0.502685162;0.389700174;2.920875952;0.008024886;0.020277
0.894028475;0.229307413;0.782383663;0.603881662;0.308714532;0.331574531;2.880079563;0.009815365;0.020518;0.91655696;0.205756368;0.625211331;0.625211331;0.503763634;0.408336402;2.921101288;0.007839752;0.020518
0.897464608;0.227404612;0.786512712;0.605333367;0.337118025;0.366667452;2.880565937;0.00898642;0.020535;0.915926678;0.200261449;0.624034153;0.624034153;0.533500241;0.442013089;2.919922667;0.008628651;0.020535
0.899152001;0.235847511;0.788862953;0.607039357;0.331073638;0.364354681;2.883594576;0.007412837;0.020567;0.915947274;0.16433575;0.622497168;0.622497168;0.54334778;0.434012062;2.915851739;0.006994645;0.020567
0.898270668;0.235734968;0.788196084;0.606505768;0.311417458;0.34804562;2.884028657;0.007329127;0.020623;0.916986809;0.185020362;0.620101714;0.620101714;0.533616342;0.438907218;2.918253104;0.005373436;0.020623
0.901121034;0.240620022;0.791210097;0.6095304;0.317687478;0.354717093;2.884288391;0.008090001;0.020941;0.918121824;0.189777873;0.617376252;0.617376252;0.533244388;0.436241185;2.920537274;0.007077199;0.020941
0.904151515;0.252325922;0.793769531;0.612729011;0.317507128;0.357811229;2.884033949;0.007234555;0.022757;0.92032473;0.219263461;0.618067587;0.618067587;0.528387258;0.448579587;2.923416405;0.007217488;0.022757
0.90738733;0.252586643;0.798116251;0.614572742;0.320222443;0.356971614;2.882886785;0.007680702;0.0252;0.922528965;0.211580341;0.618823472;0.618823472;0.549383899;0.466941284;2.925482264;0.007349173;0.0252
0.909354962;0.261756098;0.798201868;0.613280917;0.347299848;0.384396857;2.883339158;0.008227437;0.026977;0.929015284;0.231305619;0.619744848;0.619744848;0.574634957;0.497948373;2.929709522;0.007937515;0.026977
0.912453957;0.274671241;0.800263273;0.616715355;0.341875614;0.385399303;2.884671383;0.007296501;0.03041;0.932112127;0.240821841;0.623522983;0.623522983;0.598482799;0.513738157;2.932025815;0.006349221;0.03041
0.917133607;0.283482875;0.802227691;0.622551556;0.355498795;0.393233;2.886781873;0.005663305;0.035011;0.94029928;0.234510762;0.624456729;0.624456729;0.629938449;0.533756998;2.936223927;0.005565972;0.035011
0.922613325;0.294105376;0.806188266;0.624834606;0.365527211;0.405203026;2.890112667;0.005019111;0.036909;0.941573088;0.269781142;0.624472736;0.624472736;0.631566664;0.539575577;2.937563272;0.007684108;0.036909
0.922669989;0.29617665;0.80748802;0.623564271;0.380796342;0.430420804;2.892298953;0.005064107;0.039557;0.941905405;0.251079318;0.624251392;0.624251392;0.646897233;0.552417636;2.939817264;0.008854113;0.039557
0.92527194;0.299434256;0.811312639;0.625076192;0.388242352;0.44263029;2.893822715;0.005472788;0.040286;0.943630433;0.26067216;0.62524622;0.62524622;0.66305573;0.562505033;2.940040794;0.00972909;0.040286
0.923509725;0.295487258;0.81142145;0.624915178;0.404724005;0.466249041;2.894002102;0.010068361;0.038791;0.944344264;0.261978907;0.625463477;0.625463477;0.68900496;0.590860619;2.942952767;0.013163739;0.038791
0.926870429;0.302612009;0.810501131;0.625961205;0.441430186;0.493953736;2.893170625;0.012621425;0.04091;0.945275688;0.267578767;0.62888536;0.62888536;0.710328114;0.614739277;2.945560278;0.012610888;0.04091
0.920245439;0.29289042;0.80770222;0.621353392;0.43647143;0.505222688;2.892121639;0.014120807;0.040067;0.941188255;0.249310469;0.62990343;0.62990343;0.718249482;0.622799392;2.944394627;0.012364561;0.040067
0.918238588;0.291772352;0.808080745;0.622293313;0.422899011;0.496250598;2.891122026;0.013889944;0.042733;0.937304937;0.264449533;0.630024115;0.630024115;0.696157178;0.621263445;2.943665532;0.013177152;0.042733
0.915363682;0.275705383;0.807380147;0.623145728;0.332837856;0.397450003;2.889129846;0.007579557;0.024864;0.935122286;0.257836555;0.636834779;0.636834779;0.607877029;0.534235852;2.94177907;0.00694886;0.024864
0.907022645;0.234407211;0.807045339;0.623010761;0.276203735;0.343081972;2.885879717;0.002705406;0.01062;0.919341842;0.197259213;0.633837772;0.633837772;0.539006445;0.477290371;2.937731069;0.00353686;0.01062
0.904393553;0.214565672;0.806111159;0.619603712;0.287261352;0.349495257;2.883301988;-0.000898295;0.00698;0.920989876;0.163612236;0.632026603;0.632026603;0.546541848;0.464065366;2.932679146;0.001173373;0.00698
0.904811947;0.207167033;0.807297128;0.621435505;0.324080501;0.374587655;2.8821792;-0.001842037;0.003632;0.924851005;0.178990113;0.634183753;0.634183753;0.588252051;0.505305216;2.932308808;-0.001022042;0.003632
0.907978756;0.233139374;0.809808516;0.623260475;0.330365843;0.409175334;2.881648147;0.001580607;0.003546;0.930329035;0.175823214;0.635903906;0.635903906;0.615461056;0.518779424;2.931489929;0.001756502;0.003546
0.907977343;0.223352509;0.809761287;0.623596229;0.329188932;0.388433509;2.880305439;0.005714789;0.003477;0.931857942;0.209076677;0.639400854;0.639400854;0.603874002;0.526273779;2.936668736;0.003508288;0.003477
0.908103577;0.235126402;0.808481486;0.622410324;0.30491193;0.371848961;2.881706749;0.006951813;0.003543;0.937403757;0.229534217;0.640925187;0.640925187;0.598136818;0.527581546;2.940404129;0.004806931;0.003543
0.912237875;0.251560473;0.812434782;0.625149429;0.325125268;0.39563507;2.881633369;0.006650086;0.004536;0.944131751;0.23927142;0.644682387;0.644682387;0.618149299;0.545413464;2.942843329;0.004797277;0.004536
0.911702103;0.239941533;0.814368978;0.625930663;0.346596121;0.418348948;2.883209597;0.007072832;0.004981;0.947327306;0.244582586;0.647377976;0.647377976;0.649858085;0.573339095;2.946138317;0.005948339;0.004981
0.915959119;0.271540836;0.81629392;0.627315107;0.36978735;0.455359728;2.884738021;0.007731364;0.006587;0.951960353;0.279123293;0.649937807;0.649937807;0.667461386;0.59880982;2.947738667;0.008077447;0.006587
0.911474099;0.265363229;0.809049212;0.624796682;0.383317123;0.467711072;2.885440171;0.008880105;0.01124;0.951503972;0.282890415;0.652194115;0.652194115;0.692151461;0.628241167;2.947435508;0.008605853;0.01124
0.913054916;0.266163695;0.810556591;0.626440808;0.379607883;0.464067843;2.885139793;0.009190161;0.010055;0.954191068;0.284681328;0.652972768;0.652972768;0.688745002;0.622537333;2.948124082;0.009438447;0.010055
0.912613988;0.259406241;0.808231249;0.626496646;0.360908845;0.435100669;2.884707568;0.010479565;0.00627;0.95439208;0.279306736;0.654626669;0.654626669;0.66421451;0.594335904;2.948180443;0.00954845;0.00627
0.910763225;0.253619216;0.808479177;0.626109059;0.354657211;0.430511312;2.884569567;0.009936471;0.003567;0.952415901;0.251508008;0.656829371;0.656829371;0.660132255;0.582849835;2.947682024;0.009191013;0.003567
0.906744521;0.24760406;0.805480462;0.624038903;0.342261479;0.421623988;2.883217441;0.008599586;0.00332;0.95230151;0.241574141;0.660832689;0.660832689;0.651926952;0.570069637;2.946675217;0.00802057;0.00332
0.908842993;0.251743424;0.806380215;0.625964249;0.337883532;0.408049799;2.882275855;0.00850133;0.000993;0.953591164;0.237670461;0.660739933;0.660739933;0.643999899;0.557094116;2.946515834;0.008683378;0.000993
0.907368376;0.23742944;0.806606121;0.626512922;0.34132997;0.409339645;2.881268506;0.006604694;0.000734;0.952029772;0.241889993;0.662137071;0.662137071;0.648946759;0.565615455;2.946798935;0.008652683;0.000734
0.908807501;0.240110215;0.807753808;0.626485218;0.351053014;0.421417312;2.880942226;0.004584711;0.00067;0.951628625;0.239923713;0.662253719;0.662253719;0.655617022;0.569458929;2.942955328;0.006664496;0.00067
0.910344873;0.246503245;0.806696952;0.62618947;0.341351131;0.410532212;2.880143075;0.00348868;0.000862;0.955862055;0.258104223;0.664785948;0.664785948;0.648975253;0.565617465;2.945752823;0.006503815;0.000862
0.908985963;0.245335803;0.807434203;0.627795218;0.342781089;0.415367763;2.88029683;0.004058311;0.000803;0.956846355;0.258419048;0.665634181;0.665634181;0.6523818;0.567184305;2.948230574;0.007014885;0.000803
0.910987575;0.242750011;0.809135527;0.628913672;0.354006504;0.425815055;2.880091335;0.002814659;0.001686;0.958355247;0.254790464;0.668245659;0.668245659;0.670775767;0.579348227;2.948219119;0.005765056;0.001686
0.910913002;0.24902169;0.808061966;0.629457894;0.360036068;0.425616985;2.879448045;0.003145914;0.001919;0.964865627;0.27912242;0.673659992;0.673659992;0.672697099;0.591233945;2.950449166;0.005204474;0.001919
0.910038705;0.250056302;0.807444226;0.628826738;0.352643894;0.419609339;2.878631909;0.002724676;0.000758;0.966035744;0.278879037;0.675810902;0.675810902;0.672619642;0.585373961;2.949496532;0.004644905;0.000758
0.913544983;0.262674727;0.80885877;0.630721913;0.341180247;0.41432445;2.878028365;0.001725666;0.000066;0.966594728;0.263879425;0.677140593;0.677140593;0.666828829;0.57080558;2.948681997;0.003668394;0.000066
0.914381144;0.247640112;0.811369091;0.632162527;0.323725888;0.377646594;2.876865513;0.001204862;-0.000301;0.972122446;0.26705097;0.681300577;0.681300577;0.648949318;0.546384785;2.949191697;0.002176237;-0.000301
0.919054446;0.257438044;0.813983958;0.634240611;0.286707048;0.338364998;2.876350931;-0.001046108;-0.000504;0.973669781;0.268983316;0.685629584;0.685629584;0.60944603;0.51320731;2.948998636;-0.000222031;-0.000504
0.916142558;0.243460608;0.811797681;0.63189164;0.2878426;0.33497146;2.875717245;0.000923663;-0.001185;0.972977495;0.253462398;0.686219134;0.686219134;0.608374573;0.505770307;2.950289179;0.004187413;-0.001185
0.919989912;0.257461313;0.814047055;0.634597725;0.27920856;0.329156225;2.876028904;0.000361665;-0.001357;0.974313916;0.261427103;0.687969615;0.687969615;0.606784466;0.509515353;2.948170682;0.003153992;-0.001357
0.921965266;0.266112641;0.81437381;0.636937135;0.270797191;0.329524805;2.875902627;0.000405707;-0.00199;0.977968131;0.268419862;0.693183284;0.693183284;0.596388044;0.494570776;2.94689467;0.001773642;-0.00199
0.9260021;0.26994861;0.819068114;0.64115255;0.273979523;0.327240477;2.875494745;-0.000174597;-0.002877;0.985179897;0.28679479;0.698439001;0.698439001;0.602061399;0.505686041;2.947919007;0.001312289;-0.002877
0.919698859;0.243861593;0.816214002;0.637300124;0.273795291;0.32183804;2.876072123;-2.88347E-05;-0.003325;0.983052456;0.272875807;0.696942089;0.696942089;0.608527247;0.501132167;2.948399045;0.000576752;-0.003325
0.92084417;0.259125494;0.817725976;0.640041009;0.2717837;0.331124181;2.876071047;0.001212993;-0.00343;0.982442424;0.275824912;0.698819647;0.698819647;0.601135616;0.502468541;2.949760978;0.002154599;-0.00343
0.922568065;0.256439286;0.82074518;0.642423135;0.269018007;0.327520078;2.876139363;0.002166998;-0.003504;0.985574463;0.286308375;0.704043667;0.704043667;0.592762839;0.498284385;2.94923534;0.004467645;-0.003504
0.925068107;0.271771713;0.822505628;0.64566945;0.259994003;0.336906264;2.877635273;0.005322622;-0.003535;0.991226713;0.299622905;0.707958645;0.707958645;0.599657007;0.510204115;2.949762136;0.007075944;-0.003535
0.927018653;0.269652232;0.821900181;0.645971497;0.285583886;0.342320817;2.878712916;0.003832605;-0.003587;0.992965087;0.302397734;0.708989713;0.708989713;0.617128927;0.524676085;2.951809504;0.006152191;-0.003587
0.930035276;0.27963619;0.824525103;0.648550895;0.316093218;0.377487275;2.878750077;0.003761765;-0.003581;0.995106287;0.306586584;0.709673912;0.709673912;0.647465554;0.550973683;2.953496249;0.006682679;-0.003581
0.931478238;0.280746359;0.824842885;0.650516514;0.324891094;0.385274342;2.879823104;0.004929193;-0.003423;1.001173943;0.32050888;0.715950372;0.715950372;0.65564776;0.561531704;2.954504501;0.006121938;-0.003423
0.930766678;0.281691378;0.826077039;0.64919007;0.337532424;0.405573438;2.88070113;0.005868451;-0.003639;1.000356125;0.318914596;0.720959257;0.720959257;0.674347431;0.583982439;2.95080134;0.005692014;-0.003639
0.92654783;0.282916354;0.822935141;0.646801647;0.321421294;0.393052548;2.8809487;0.008154675;-0.003618;0.999635303;0.32136585;0.720825396;0.720825396;0.662176957;0.574851701;2.955646936;0.00746495;-0.003618
0.929623281;0.28636739;0.822942809;0.647655855;0.315681528;0.380181544;2.881977332;0.009655941;-0.003627;0.995270014;0.335962665;0.722077692;0.722077692;0.646234118;0.571191496;2.954877891;0.008107439;-0.003627
0.933533121;0.289370598;0.824306989;0.649872604;0.318529338;0.374729265;2.882849546;0.008158258;-0.003605;1.00193601;0.347420549;0.725670575;0.725670575;0.640447866;0.560023338;2.956940954;0.008539184;-0.003605
0.938836362;0.302299937;0.827985305;0.647684964;0.322956297;0.38352239;2.885873357;0.0052721;-0.003679;1.007353583;0.340635158;0.734077147;0.734077147;0.644056194;0.565779286;2.955598839;0.005897397;-0.003679
0.937733619;0.304809372;0.827096866;0.644125145;0.315697349;0.374007557;2.887571055;0.004853594;-0.003616;1.002357212;0.331486767;0.733160869;0.733160869;0.624905921;0.547502473;2.953083892;0.007338803;-0.003616
0.938210839;0.306259191;0.82712949;0.645570479;0.298728865;0.360081158;2.88846723;0.004340477;-0.004032;1.003459874;0.323228919;0.735061748;0.735061748;0.621119465;0.538045437;2.956797725;0.006324121;-0.004032
0.936419944;0.29018152;0.828004969;0.645771843;0.297204284;0.356388277;2.888980086;0.004686852;-0.00540201;1.00752559;0.339106494;0.736014016;0.736014016;0.624250736;0.53960375;2.953627231;0.005372784;-0.00540201
0.919565405;0.275926211;0.813120378;0.63380482;0.261835647;0.324141295;2.872450925;0.005153486;-0.005356286;1.001975097;0.351567966;0.738592731;0.738592731;0.609009212;0.534188249;2.945145346;0.006977278;-0.005356286
0.876212557;0.231165668;0.780496084;0.588939245;0.119793416;0.22375474;2.784555383;0.001287948;-0.00544465;0.963269099;0.313533048;0.717266246;0.717266246;0.496624029;0.451633715;2.917061435;0.001785138;-0.00544465
0.924673789;0.272797433;0.828854697;0.637765817;0.253500278;0.335437094;2.870622584;0.001506217;-0.005529327;0.996869564;0.303099597;0.73431848;0.73431848;0.609517877;0.532133235;2.924204137;-0.003998564;-0.005529327
0.928284575;0.298255569;0.815903525;0.637993029;0.287797136;0.351680037;2.861168644;0.00033186;-0.005563491;1.004599817;0.338433802;0.739358009;0.739358009;0.642673547;0.563003052;2.933418212;-0.002196184;-0.005563491
0.92946376;0.307546474;0.81724782;0.637917933;0.297753585;0.373217055;2.865339051;0.003214201;-0.005637665;0.998082574;0.3511739;0.728964733;0.728964733;0.650500845;0.572838811;2.935338385;0.006461766;-0.005637665
0.933308804;0.312120801;0.82364144;0.642065715;0.303694476;0.384002711;2.871546071;0.005960433;-0.005641259;1.003708372;0.350674041;0.730907341;0.730907341;0.653029667;0.59288568;2.944459335;0.009410557;-0.005641259
0.94399252;0.297257196;0.837318875;0.654847513;0.3029496;0.389638349;2.89207142;0.00742659;-0.005693605;1.009406816;0.349602654;0.738355293;0.738355293;0.641286095;0.580517377;2.935922749;0.01652484;-0.005693605
0.944890751;0.309964054;0.837536659;0.657485933;0.312233115;0.41595833;2.895999583;0.011646614;-0.005763722;1.01284645;0.375768031;0.74022197;0.74022197;0.648206972;0.606858994;2.942529032;0.019985749;-0.005763722
0.94215795;0.319679732;0.833947187;0.65596713;0.32532946;0.435687603;2.893483583;0.015604265;-0.00577703;1.013356047;0.360872745;0.738936636;0.738936636;0.65029797;0.621010925;2.94629967;0.020326464;-0.00577703
0.935915285;0.32073281;0.831653424;0.650836375;0.301446014;0.426317717;2.898375832;0.022382773;-0.005826241;1.0052136;0.373289043;0.725504505;0.725504505;0.635589733;0.622800301;2.942376341;0.02799346;-0.005826241
0.939494097;0.333086561;0.836247302;0.654812761;0.298331785;0.437511771;2.899008298;0.024684188;0.002545841;1.003559945;0.37162501;0.723081942;0.723081942;0.616838985;0.603231977;2.941715035;0.031014953;0.002545841
0.940771338;0.319256155;0.838113685;0.656857073;0.304531743;0.423168731;2.901112943;0.025579479;0.015039648;1.002311192;0.367954636;0.725402802;0.725402802;0.615664567;0.580036859;2.940396513;0.035752006;0.015039648
0.942517686;0.32071529;0.839058224;0.655196077;0.315144815;0.407793066;2.903315881;0.025264586;0.025083639;1.001950777;0.35214785;0.725854805;0.725854805;0.62008848;0.566238087;2.941805975;0.034374815;0.025083639
0.94382752;0.317926066;0.837923148;0.651712272;0.316982253;0.398289158;2.904566656;0.021914159;0.032045905;1.001006924;0.3396569;0.724293378;0.724293378;0.614459419;0.557450646;2.943747506;0.027540794;0.032045905
0.944093193;0.306774204;0.841752501;0.653446793;0.302987291;0.389285642;2.904862911;0.019870161;0.037125219;1.002205269;0.332114288;0.726542645;0.726542645;0.604444568;0.538918957;2.942542952;0.023679693;0.037125219
0.949025069;0.297376121;0.846363801;0.658432064;0.297513642;0.370712574;2.9053047;0.015857244;0.039034421;1.006355762;0.332319122;0.73525407;0.73525407;0.599548369;0.524411034;2.939967575;0.01516957;0.039034421
0.94888574;0.288968534;0.846804701;0.658917879;0.29802555;0.361309521;2.905002891;0.011967851;0.03907311;1.005629458;0.31972917;0.739731747;0.739731747;0.609678293;0.531964464;2.938950071;0.010797419;0.03907311
0.945522071;0.286814246;0.843267996;0.658437608;0.28921515;0.363659343;2.904646283;0.00949069;0.03786032;1.003317968;0.320267314;0.736825931;0.736825931;0.594531144;0.518347082;2.939844399;0.009817756;0.03786032
0.949977966;0.288815944;0.845504132;0.660162025;0.284240531;0.358814716;2.904276712;0.007498272;0.035920924;1.003418606;0.334163469;0.739136861;0.739136861;0.597372533;0.531695053;2.940894587;0.008300428;0.035920924